# Redirect www → non-www
/www.macpavingandsealcoating.com/* https://macpavingandsealcoating.com/:splat 301

# Redirect http → https
/macpavingandsealcoating.com/* https://macpavingandsealcoating.com/:splat 301

# Old core HTML redirects (installation/resurfacing/etc.)
/installation.html /services/paving-services-nj/driveway-installation/ 301
/resurfacing.html /services/paving-services-nj/driveway-resurfacing/ 301
/replacement.html /services/paving-services-nj/driveway-replacement/ 301
/extension.html /services/paving-services-nj/driveway-extension/ 301
/sealcoating.html /services/sealer-services-nj/sealcoating/ 301
/crack-filling.html /services/sealer-services-nj/crack-filling/ 301
/line-striping.html /services/sealer-services-nj/line-striping/ 301
# These HTML redirects handled by catch-all /*.html at end
/belgium-blocks.html /services/belgium-blocks/ 301

# Old core non-HTML redirects
/installation /services/paving-services-nj/driveway-installation/ 301
/resurfacing /services/paving-services-nj/driveway-resurfacing/ 301
/replacement /services/paving-services-nj/driveway-replacement/ 301
/extension /services/paving-services-nj/driveway-extension/ 301
/sealcoating /services/sealer-services-nj/sealcoating/ 301
/crack-filling /services/sealer-services-nj/crack-filling/ 301
/line-striping /services/sealer-services-nj/line-striping/ 301
# Consolidated: redirects to /services/ handled by specific rules or catch-all
/belgium-blocks /services/belgium-blocks/ 301
/pavers /services/belgium-blocks/ 301

# Asphalt → Paving category
/asphalt-paving /services/paving-services-nj/ 301

# Legacy asphalt directory structure
/services/asphalt-paving/installation/ /services/paving-services-nj/driveway-installation/ 301
/services/asphalt-paving/resurfacing/ /services/paving-services-nj/driveway-resurfacing/ 301
/services/asphalt-paving/replacement/ /services/paving-services-nj/driveway-replacement/ 301
/services/asphalt-paving/extension/ /services/paving-services-nj/driveway-extension/ 301
/services/asphalt-paving* /services/paving-services-nj/ 301

# Legacy sealer directory structure
/services/sealer/sealcoating/ /services/sealer-services-nj/sealcoating/ 301
/services/sealer/crack-filling/ /services/sealer-services-nj/crack-filling/ 301
/services/sealer/line-striping/ /services/sealer-services-nj/line-striping/ 301
/services/sealer/ /services/sealer-services-nj/ 301
/services/sealer/* /services/sealer-services-nj/:splat 301

# Legacy pavers directory
/services/pavers/belgium-blocks/ /services/belgium-blocks/ 301
/services/pavers/installation/ /services/ 301
/services/pavers/maintenance/ /services/ 301
/services/pavers* /services/belgium-blocks/ 301

# Legacy service .html files - specific redirects (others handled by catch-all)
/services/asphalt-paving/installation.html /services/paving-services-nj/driveway-installation/ 301
/services/asphalt-paving/resurfacing.html /services/paving-services-nj/driveway-resurfacing/ 301
/services/asphalt-paving/replacement.html /services/paving-services-nj/driveway-replacement/ 301
/services/asphalt-paving/extension.html /services/paving-services-nj/driveway-extension/ 301
/services/sealer/sealcoating.html /services/sealer-services-nj/sealcoating/ 301
/services/sealer/crack-filling.html /services/sealer-services-nj/crack-filling/ 301
/services/sealer/line-striping.html /services/sealer-services-nj/line-striping/ 301

# Legacy category .html files (redirect to /services/) - handled by wildcards above

# Legacy category pages (redirect to new versions)
/services/sealer.html /services/sealer-services-nj/ 301
/services/pavers.html /services/belgium-blocks/ 301
/services/asphalt-paving.html /services/paving-services-nj/ 301

# URLs without /services/ in path
/sealer /services/sealer-services-nj/ 301
/about /services/ 301
/driveway-paving-near-me /services/paving-services-nj/ 301
/paving-services-near-me /services/paving-services-nj/ 301
/service-area-map /services-areas/ 301
/drainage /services/ 301
/concrete /services/ 301
/landscaping /services/ 301

# Services that no longer exist (redirect to /services/) - consolidated above

# Old concrete + landscaping groups
/services/concrete* /services/ 301
/services/landscaping* /services/ 301

# Missing service redirects (HTML versions handled by catch-all)
/seed-grass /services/ 301
/gutters /services/ 301
/pothole-repair /services/paving-services-nj/driveway-replacement/ 301
/asphalt-maintenance /services/paving-services-nj/driveway-resurfacing/ 301
/retaining-walls /services/ 301
/masonry /services/ 301
/pothole-repair.html /services/paving-services-nj/driveway-replacement/ 301
/asphalt-maintenance.html /services/paving-services-nj/driveway-resurfacing/ 301

# Underscore variants
/line_striping /services/ 301
/power_wash /services/ 301
/winter_services /services/ 301
/belgium_blocks /services/ 301
/pavers_installation /services/ 301
/top_soil /services/ 301
/asphalt_maintenance /services/ 301

# Other old URLs
/services/services /services/ 301
/contact.html /contact/ 301
/index.html / 301
/gallery /services/ 301
/winter-services /services/ 301

# Broken characters
/K%7BSEOcanonical%7D%7D / 301

# Catch-all HTML
/*.html / 301
